[
  {
    "subdivision": "Andaman & Nicobar Islands",
    "latitude": 12.61124,
    "longitude": 92.83165,
    "predicted_rainfall": 2969.54
  },
  {
    "subdivision": "Arunachal Pradesh",
    "latitude": 28.093770000000006,
    "longitude": 94.59213,
    "predicted_rainfall": 2793.28
  },
  {
    "subdivision": "Assam & Meghalaya",
    "latitude": 25.91460265,
    "longitude": 91.84475808,
    "predicted_rainfall": 2415.46
  },
  {
    "subdivision": "Naga Mani Mizo Tripura",
    "latitude": 24.77697494,
    "longitude": 93.09209538,
    "predicted_rainfall": 2188.78
  },
  {
    "subdivision": "Sub Himalayan West Bengal & Sikkim",
    "latitude": 26.38389746,
    "longitude": 88.16117114,
    "predicted_rainfall": 2608.95
  },
  {
    "subdivision": "Gangetic West Bengal",
    "latitude": 24.58628043,
    "longitude": 87.96797645,
    "predicted_rainfall": 1495.22
  },
  {
    "subdivision": "Orissa",
    "latitude": 20.54312,
    "longitude": 84.68973000000003,
    "predicted_rainfall": 1437.66
  },
  {
    "subdivision": "Jharkhand",
    "latitude": 23.45598,
    "longitude": 85.25573,
    "predicted_rainfall": 1225.5
  },
  {
    "subdivision": "Bihar",
    "latitude": 25.64408,
    "longitude": 85.90651,
    "predicted_rainfall": 1108.29
  },
  {
    "subdivision": "East Uttar Pradesh",
    "latitude": 26.61872396,
    "longitude": 82.86899052,
    "predicted_rainfall": 877.44
  },
  {
    "subdivision": "West Uttar Pradesh",
    "latitude": 27.71343038,
    "longitude": 78.29867825,
    "predicted_rainfall": 751.32
  },
  {
    "subdivision": "Uttarakhand",
    "latitude": 30.04174,
    "longitude": 79.08969,
    "predicted_rainfall": 1451.36
  },
  {
    "subdivision": "Haryana Delhi & Chandigarh",
    "latitude": 29.45568526,
    "longitude": 76.79243340000002,
    "predicted_rainfall": 492.75
  },
  {
    "subdivision": "Punjab",
    "latitude": 30.92932,
    "longitude": 75.50048000000002,
    "predicted_rainfall": 560.51
  },
  {
    "subdivision": "Himachal Pradesh",
    "latitude": 31.81676,
    "longitude": 77.34931999999998,
    "predicted_rainfall": 1180.87
  },
  {
    "subdivision": "Jammu & Kashmir",
    "latitude": 33.55745,
    "longitude": 75.06152,
    "predicted_rainfall": 1148.51
  },
  {
    "subdivision": "West Rajasthan",
    "latitude": 26.81527643,
    "longitude": 71.00340235,
    "predicted_rainfall": 316.39
  },
  {
    "subdivision": "East Rajasthan",
    "latitude": 26.59936334,
    "longitude": 76.78221066,
    "predicted_rainfall": 672.88
  },
  {
    "subdivision": "West Madhya Pradesh",
    "latitude": 22.91949367,
    "longitude": 75.03578348,
    "predicted_rainfall": 971.92
  },
  {
    "subdivision": "East Madhya Pradesh",
    "latitude": 23.93761358,
    "longitude": 81.11122264,
    "predicted_rainfall": 1190.01
  },
  {
    "subdivision": "Gujarat Region",
    "latitude": 23.05998087,
    "longitude": 72.93097456,
    "predicted_rainfall": 895.5
  },
  {
    "subdivision": "Saurashtra & Kutch",
    "latitude": 23.18122776,
    "longitude": 70.56891413,
    "predicted_rainfall": 512.99
  },
  {
    "subdivision": "Konkan & Goa",
    "latitude": 15.30045,
    "longitude": 74.08551,
    "predicted_rainfall": 3084.48
  },
  {
    "subdivision": "Madhya Maharashtra",
    "latitude": 19.14486043,
    "longitude": 74.77204737,
    "predicted_rainfall": 879.47
  },
  {
    "subdivision": "Matathwada",
    "latitude": 19.1033404,
    "longitude": 77.24397107,
    "predicted_rainfall": 772.48
  },
  {
    "subdivision": "Vidarbha",
    "latitude": 20.85850732,
    "longitude": 79.27644168,
    "predicted_rainfall": 1095.95
  },
  {
    "subdivision": "Chhattisgarh",
    "latitude": 21.66374,
    "longitude": 81.84064000000002,
    "predicted_rainfall": 1336.67
  },
  {
    "subdivision": "Coastal Andhra Pradesh",
    "latitude": 17.53819295,
    "longitude": 82.52010979,
    "predicted_rainfall": 1034.84
  },
  {
    "subdivision": "Telangana",
    "latitude": 17.84959,
    "longitude": 79.11516999999998,
    "predicted_rainfall": 993.14
  },
  {
    "subdivision": "Rayalseema",
    "latitude": 14.57183072,
    "longitude": 78.02670181,
    "predicted_rainfall": 762.14
  },
  {
    "subdivision": "Tamil Nadu",
    "latitude": 10.90943,
    "longitude": 78.36653000000003,
    "predicted_rainfall": 952.2
  },
  {
    "subdivision": "Coastal Karnataka",
    "latitude": 13.8431045,
    "longitude": 74.6948562,
    "predicted_rainfall": 3337.71
  },
  {
    "subdivision": "North Interior Karnataka",
    "latitude": 16.200616399999998,
    "longitude": 75.42220033,
    "predicted_rainfall": 705.11
  },
  {
    "subdivision": "South Interior Karnataka",
    "latitude": 13.03310982,
    "longitude": 77.31184868,
    "predicted_rainfall": 1033.71
  },
  {
    "subdivision": "Kerala",
    "latitude": 10.35287,
    "longitude": 76.51204,
    "predicted_rainfall": 2761.36
  },
  {
    "subdivision": "Lakshadweep",
    "latitude": 10.16061778,
    "longitude": 73.51850944,
    "predicted_rainfall": 1532.88
  }
]